"Passengerid","Age","Fare","Sex","sibsp","Parch","Pclass","Embarked","Survived","ZeroR","Age_Range","Fare_Range"
1,22,7.25,0,1,0,3,2,0,0,5,1
2,38,71.2833,1,1,0,1,0,1,0,8,2
3,26,7.925,1,0,0,3,2,1,0,6,1
4,35,53.1,1,1,0,1,2,1,0,7,2
6,28,8.4583,0,0,0,3,1,0,0,6,1
7,54,51.8625,0,0,0,1,2,0,0,11,2
8,2,21.075,0,3,1,3,2,0,0,1,1
9,27,11.1333,1,0,2,3,2,1,0,6,1
10,14,30.0708,1,1,0,2,0,1,0,3,1
11,4,16.7,1,1,1,3,2,1,0,1,1
12,58,26.55,1,0,0,1,2,1,0,12,1
13,20,8.05,0,0,0,3,2,0,0,4,1
15,14,7.8542,1,0,0,3,2,0,0,3,1
17,2,29.125,0,4,1,3,1,0,0,1,1
18,28,13,0,0,0,2,2,1,0,6,1
19,31,18,1,1,0,3,2,0,0,7,1
20,28,7.225,1,0,0,3,0,1,0,6,1
21,35,26,0,0,0,2,2,0,0,7,1
22,34,13,0,0,0,2,2,1,0,7,1
23,15,8.0292,1,0,0,3,1,1,0,3,1
24,28,35.5,0,0,0,1,2,1,0,6,1
25,8,21.075,1,3,1,3,2,0,0,2,1
27,28,7.225,0,0,0,3,0,0,0,6,1
30,28,7.8958,0,0,0,3,2,0,0,6,1
31,40,27.7208,0,0,0,1,0,0,0,8,1
32,28,146.5208,1,1,0,1,0,1,0,6,3
33,28,7.75,1,0,0,3,1,1,0,6,1
34,66,10.5,0,0,0,2,2,0,0,14,1
35,28,82.1708,0,1,0,1,0,0,0,6,2
37,28,7.2292,0,0,0,3,0,1,0,6,1
38,21,8.05,0,0,0,3,2,0,0,5,1
41,40,9.475,1,1,0,3,2,0,0,8,1
42,27,21,1,1,0,2,2,0,0,6,1
43,28,7.8958,0,0,0,3,0,0,0,6,1
44,3,41.5792,1,1,2,2,0,1,0,1,1
45,19,7.8792,1,0,0,3,1,1,0,4,1
46,28,8.05,0,0,0,3,2,0,0,6,1
47,28,15.5,0,1,0,3,1,0,0,6,1
48,28,7.75,1,0,0,3,1,1,0,6,1
49,28,21.6792,0,2,0,3,0,0,0,6,1
51,7,39.6875,0,4,1,3,2,0,0,2,1
52,21,7.8,0,0,0,3,2,0,0,5,1
54,29,26,1,1,0,2,2,1,0,6,1
55,65,61.9792,0,0,1,1,0,0,0,13,2
56,28,35.5,0,0,0,1,2,1,0,6,1
57,21,10.5,1,0,0,2,2,1,0,5,1
59,5,27.75,1,1,2,2,2,1,0,1,1
62,38,80,1,0,0,1,NA,1,0,8,2
63,45,83.475,0,1,0,1,2,0,0,9,2
64,4,27.9,0,3,2,3,2,0,0,1,1
65,28,27.7208,0,0,0,1,0,0,0,6,1
67,29,10.5,1,0,0,2,2,1,0,6,1
68,19,8.1583,0,0,0,3,2,0,0,4,1
69,17,7.925,1,4,2,3,2,1,0,4,1
70,26,8.6625,0,2,0,3,2,0,0,6,1
71,32,10.5,0,0,0,2,2,0,0,7,1
73,21,73.5,0,0,0,2,2,0,0,5,2
75,32,56.4958,0,0,0,3,2,1,0,7,2
76,25,7.65,0,0,0,3,2,0,0,5,1
77,28,7.8958,0,0,0,3,2,0,0,6,1
78,28,8.05,0,0,0,3,2,0,0,6,1
79,0.83,29,0,0,2,2,2,1,0,1,1
80,30,12.475,1,0,0,3,2,1,0,6,1
82,29,9.5,0,0,0,3,2,1,0,6,1
83,28,7.7875,1,0,0,3,1,1,0,6,1
84,28,47.1,0,0,0,1,2,0,0,6,1
85,17,10.5,1,0,0,2,2,1,0,4,1
87,16,34.375,0,1,3,3,2,0,0,4,1
88,28,8.05,0,0,0,3,2,0,0,6,1
89,23,263,1,3,2,1,2,1,0,5,6
91,29,8.05,0,0,0,3,2,0,0,6,1
93,46,61.175,0,1,0,1,2,0,0,10,2
94,26,20.575,0,1,2,3,2,0,0,6,1
95,59,7.25,0,0,0,3,2,0,0,12,1
96,28,8.05,0,0,0,3,2,0,0,6,1
97,71,34.6542,0,0,0,1,0,0,0,15,1
98,23,63.3583,0,0,1,1,0,1,0,5,2
99,34,23,1,0,1,2,2,1,0,7,1
101,28,7.8958,1,0,0,3,2,0,0,6,1
102,28,7.8958,0,0,0,3,2,0,0,6,1
103,21,77.2875,0,0,1,1,2,0,0,5,2
104,33,8.6542,0,0,0,3,2,0,0,7,1
105,37,7.925,0,2,0,3,2,0,0,8,1
106,28,7.8958,0,0,0,3,2,0,0,6,1
107,21,7.65,1,0,0,3,2,1,0,5,1
108,28,7.775,0,0,0,3,2,1,0,6,1
109,38,7.8958,0,0,0,3,2,0,0,8,1
110,28,24.15,1,1,0,3,1,1,0,6,1
112,14.5,14.4542,1,1,0,3,0,0,0,3,1
114,20,9.825,1,1,0,3,2,0,0,4,1
115,17,14.4583,1,0,0,3,0,0,0,4,1
118,29,21,0,1,0,2,2,0,0,6,1
119,24,247.5208,0,0,1,1,0,0,0,5,5
125,54,77.2875,0,0,1,1,2,0,0,11,2
126,12,11.2417,0,1,0,3,0,1,0,3,1
127,28,7.75,0,0,0,3,1,0,0,6,1
128,24,7.1417,0,0,0,3,2,1,0,5,1
129,28,22.3583,1,1,1,3,0,1,0,6,1
130,45,6.975,0,0,0,3,2,0,0,9,1
132,20,7.05,0,0,0,3,2,0,0,4,1
133,47,14.5,1,1,0,3,2,0,0,10,1
134,29,26,1,1,0,2,2,1,0,6,1
136,23,15.0458,0,0,0,2,0,0,0,5,1
138,37,53.1,0,1,0,1,2,0,0,8,2
139,16,9.2167,0,0,0,3,2,0,0,4,1
141,28,15.2458,1,0,2,3,0,0,0,6,1
143,24,15.85,1,1,0,3,2,1,0,5,1
144,19,6.75,0,0,0,3,1,0,0,4,1
145,18,11.5,0,0,0,2,2,0,0,4,1
146,19,36.75,0,1,1,2,2,0,0,4,1
148,9,34.375,1,2,2,3,2,0,0,2,1
150,42,13,0,0,0,2,2,0,0,9,1
151,51,12.525,0,0,0,2,2,0,0,11,1
152,22,66.6,1,1,0,1,2,1,0,5,2
153,55.5,8.05,0,0,0,3,2,0,0,12,1
155,28,7.3125,0,0,0,3,2,0,0,6,1
157,16,7.7333,1,0,0,3,1,1,0,4,1
159,28,8.6625,0,0,0,3,2,0,0,6,1
160,28,69.55,0,8,2,3,2,0,0,6,2
161,44,16.1,0,0,1,3,2,0,0,9,1
162,40,15.75,1,0,0,2,2,1,0,8,1
163,26,7.775,0,0,0,3,2,0,0,6,1
164,17,8.6625,0,0,0,3,2,0,0,4,1
165,1,39.6875,0,4,1,3,2,0,0,1,1
166,9,20.525,0,0,2,3,2,1,0,2,1
167,28,55,1,0,1,1,2,1,0,6,2
168,45,27.9,1,1,4,3,2,0,0,9,1
170,28,56.4958,0,0,0,3,2,0,0,6,2
172,4,29.125,0,4,1,3,1,0,0,1,1
174,21,7.925,0,0,0,3,2,0,0,5,1
175,56,30.6958,0,0,0,1,0,0,0,12,1
177,28,25.4667,0,3,1,3,2,0,0,6,1
178,50,28.7125,1,0,0,1,0,0,0,10,1
179,30,13,0,0,0,2,2,0,0,6,1
180,36,0,0,0,0,3,2,0,0,8,NA
181,28,69.55,1,8,2,3,2,0,0,6,2
182,28,15.05,0,0,0,2,0,0,0,6,1
183,9,31.3875,0,4,2,3,2,0,0,2,1
184,1,39,0,2,1,2,2,1,0,1,1
186,28,50,0,0,0,1,2,0,0,6,1
188,45,26.55,0,0,0,1,2,1,0,9,1
189,40,15.5,0,1,1,3,1,0,0,8,1
191,32,13,1,0,0,2,2,1,0,7,1
193,19,7.8542,1,1,0,3,2,1,0,4,1
200,24,13,1,0,0,2,2,0,0,5,1
201,28,9.5,0,0,0,3,2,0,0,6,1
202,28,69.55,0,8,2,3,2,0,0,6,2
203,34,6.4958,0,0,0,3,2,0,0,7,1
205,18,8.05,0,0,0,3,2,1,0,4,1
207,32,15.85,0,1,0,3,2,0,0,7,1
208,26,18.7875,0,0,0,3,0,1,0,6,1
209,16,7.75,1,0,0,3,1,1,0,4,1
211,24,7.05,0,0,0,3,2,0,0,5,1
212,35,21,1,0,0,2,2,1,0,7,1
213,22,7.25,0,0,0,3,2,0,0,5,1
215,28,7.75,0,1,0,3,1,0,0,6,1
217,27,7.925,1,0,0,3,2,1,0,6,1
219,32,76.2917,1,0,0,1,0,1,0,7,2
221,16,8.05,0,0,0,3,2,1,0,4,1
222,27,13,0,0,0,2,2,0,0,6,1
223,51,8.05,0,0,0,3,2,0,0,11,1
224,28,7.8958,0,0,0,3,2,0,0,6,1
225,38,90,0,1,0,1,2,1,0,8,2
226,22,9.35,0,0,0,3,2,0,0,5,1
228,20.5,7.25,0,0,0,3,2,0,0,5,1
229,18,13,0,0,0,2,2,0,0,4,1
230,28,25.4667,1,3,1,3,2,0,0,6,1
232,29,7.775,0,0,0,3,2,0,0,6,1
233,59,13.5,0,0,0,2,2,0,0,12,1
235,24,10.5,0,0,0,2,2,0,0,5,1
236,28,7.55,1,0,0,3,2,0,0,6,1
238,8,26.25,1,0,2,2,2,1,0,2,1
239,19,10.5,0,0,0,2,2,0,0,4,1
241,28,14.4542,1,1,0,3,0,0,0,6,1
242,28,15.5,1,1,0,3,1,1,0,6,1
243,29,10.5,0,0,0,2,2,0,0,6,1
244,22,7.125,0,0,0,3,2,0,0,5,1
246,44,90,0,2,0,1,1,0,0,9,2
248,24,14.5,1,0,2,2,2,1,0,5,1
251,28,7.25,0,0,0,3,2,0,0,6,1
252,29,10.4625,1,1,1,3,2,0,0,6,1
253,62,26.55,0,0,0,1,2,0,0,13,1
254,30,16.1,0,1,0,3,2,0,0,6,1
255,41,20.2125,1,0,2,3,2,0,0,9,1
256,29,15.2458,1,0,2,3,0,1,0,6,1
257,28,79.2,1,0,0,1,0,1,0,6,2
258,30,86.5,1,0,0,1,2,1,0,6,2
259,35,512.3292,1,0,0,1,0,1,0,7,11
260,50,26,1,0,1,2,2,1,0,10,1
262,3,31.3875,0,4,2,3,2,1,0,1,1
263,52,79.65,0,1,1,1,2,0,0,11,2
264,40,0,0,0,0,1,2,0,0,8,NA
265,28,7.75,1,0,0,3,1,0,0,6,1
266,36,10.5,0,0,0,2,2,0,0,8,1
268,25,7.775,0,1,0,3,2,1,0,5,1
269,58,153.4625,1,0,1,1,2,1,0,12,4
271,28,31,0,0,0,1,2,0,0,6,1
273,41,19.5,1,0,1,2,2,1,0,9,1
275,28,7.75,1,0,0,3,1,1,0,6,1
276,63,77.9583,1,1,0,1,2,1,0,13,2
278,28,0,0,0,0,2,2,0,0,6,NA
279,7,29.125,0,4,1,3,1,0,0,2,1
280,35,20.25,1,1,1,3,2,1,0,7,1
281,65,7.75,0,0,0,3,1,0,0,13,1
282,28,7.8542,0,0,0,3,2,0,0,6,1
286,33,8.6625,0,0,0,3,0,0,0,7,1
287,30,9.5,0,0,0,3,2,1,0,6,1
288,22,7.8958,0,0,0,3,2,0,0,5,1
289,42,13,0,0,0,2,2,1,0,9,1
291,26,78.85,1,0,0,1,2,1,0,6,2
292,19,91.0792,1,1,0,1,0,1,0,4,2
294,24,8.85,1,0,0,3,2,0,0,5,1
295,24,7.8958,0,0,0,3,2,0,0,5,1
297,23.5,7.2292,0,0,0,3,0,0,0,5,1
298,2,151.55,1,1,2,1,2,0,0,1,4
299,28,30.5,0,0,0,1,2,1,0,6,1
300,50,247.5208,1,0,1,1,0,1,0,10,5
301,28,7.75,1,0,0,3,1,1,0,6,1
303,19,0,0,0,0,3,2,0,0,4,NA
304,28,12.35,1,0,0,2,1,1,0,6,1
306,0.92,151.55,0,1,2,1,2,1,0,1,4
307,28,110.8833,1,0,0,1,0,1,0,6,3
309,30,24,0,1,0,2,0,0,0,6,1
312,18,262.375,1,2,2,1,0,1,0,4,6
313,26,26,1,1,1,2,2,0,0,6,1
314,28,7.8958,0,0,0,3,2,0,0,6,1
315,43,26.25,0,1,1,2,2,0,0,9,1
316,26,7.8542,1,0,0,3,2,1,0,6,1
317,24,26,1,1,0,2,2,1,0,5,1
318,54,14,0,0,0,2,2,0,0,11,1
319,31,164.8667,1,0,2,1,2,1,0,7,4
321,22,7.25,0,0,0,3,2,0,0,5,1
323,30,12.35,1,0,0,2,1,1,0,6,1
324,22,29,1,1,1,2,2,1,0,5,1
325,28,69.55,0,8,2,3,2,0,0,6,2
326,36,135.6333,1,0,0,1,0,1,0,8,3
327,61,6.2375,0,0,0,3,2,0,0,13,1
328,36,13,1,0,0,2,2,1,0,8,1
329,31,20.525,1,1,1,3,2,1,0,7,1
334,16,18,0,2,0,3,2,0,0,4,1
335,28,133.65,1,1,0,1,2,1,0,6,3
336,28,7.8958,0,0,0,3,2,0,0,6,1
337,29,66.6,0,1,0,1,2,0,0,6,2
338,41,134.5,1,0,0,1,0,1,0,9,3
340,45,35.5,0,0,0,1,2,0,0,9,1
342,24,263,1,3,2,1,2,1,0,5,6
343,28,13,0,0,0,2,2,0,0,6,1
345,36,13,0,0,0,2,2,0,0,8,1
346,24,13,1,0,0,2,2,1,0,5,1
347,40,13,1,0,0,2,2,1,0,8,1
348,28,16.1,1,1,0,3,2,1,0,6,1
350,42,8.6625,0,0,0,3,2,0,0,9,1
351,23,9.225,0,0,0,3,2,0,0,5,1
353,15,7.2292,0,1,1,3,0,0,0,3,1
357,22,55,1,0,1,1,2,1,0,5,2
359,28,7.8792,1,0,0,3,1,1,0,6,1
361,40,27.9,0,1,4,3,2,0,0,8,1
362,29,27.7208,0,1,0,2,0,0,0,6,1
363,45,14.4542,1,0,1,3,0,0,0,9,1
364,35,7.05,0,0,0,3,2,0,0,7,1
367,60,75.25,1,1,0,1,0,1,0,12,2
368,28,7.2292,1,0,0,3,0,1,0,6,1
372,18,6.4958,0,1,0,3,2,0,0,4,1
374,22,135.6333,0,0,0,1,0,0,0,5,3
375,3,21.075,1,3,1,3,2,0,0,1,1
376,28,82.1708,1,1,0,1,0,1,0,6,2
378,27,211.5,0,0,2,1,0,0,0,6,5
379,20,4.0125,0,0,0,3,0,0,0,4,1
380,19,7.775,0,0,0,3,2,0,0,4,1
381,42,227.525,1,0,0,1,0,1,0,9,5
382,1,15.7417,1,0,2,3,0,1,0,1,1
383,32,7.925,0,0,0,3,2,0,0,7,1
384,35,52,1,1,0,1,2,1,0,7,2
385,28,7.8958,0,0,0,3,2,0,0,6,1
386,18,73.5,0,0,0,2,2,0,0,4,2
387,1,46.9,0,5,2,3,2,0,0,1,1
388,36,13,1,0,0,2,2,1,0,8,1
391,36,120,0,1,2,1,2,1,0,8,3
394,23,113.275,1,1,0,1,0,1,0,5,3
395,24,16.7,1,0,2,3,2,1,0,5,1
397,31,7.8542,1,0,0,3,2,0,0,7,1
398,46,26,0,0,0,2,2,0,0,10,1
399,23,10.5,0,0,0,2,2,0,0,5,1
400,28,12.65,1,0,0,2,2,1,0,6,1
401,39,7.925,0,0,0,3,2,1,0,8,1
402,26,8.05,0,0,0,3,2,0,0,6,1
405,20,8.6625,1,0,0,3,2,0,0,4,1
406,34,21,0,1,0,2,2,0,0,7,1
408,3,18.75,0,1,1,2,2,1,0,1,1
409,21,7.775,0,0,0,3,2,0,0,5,1
410,28,25.4667,1,3,1,3,2,0,0,6,1
414,28,0,0,0,0,2,2,0,0,6,NA
416,28,8.05,1,0,0,3,2,0,0,6,1
417,34,32.5,1,1,1,2,2,1,0,7,1
419,30,13,0,0,0,2,2,0,0,6,1
420,10,24.15,1,0,2,3,2,0,0,2,1
421,28,7.8958,0,0,0,3,0,0,0,6,1
423,29,7.875,0,0,0,3,2,0,0,6,1
424,28,14.4,1,1,1,3,2,0,0,6,1
426,28,7.25,0,0,0,3,2,0,0,6,1
427,28,26,1,1,0,2,2,1,0,6,1
428,19,26,1,0,0,2,2,1,0,4,1
429,28,7.75,0,0,0,3,1,0,0,6,1
430,32,8.05,0,0,0,3,2,1,0,7,1
431,28,26.55,0,0,0,1,2,1,0,6,1
433,42,26,1,1,0,2,2,1,0,9,1
435,50,55.9,0,1,0,1,2,0,0,10,2
436,14,120,1,1,2,1,2,1,0,3,3
437,21,34.375,1,2,2,3,2,0,0,5,1
440,31,10.5,0,0,0,2,2,0,0,7,1
444,28,13,1,0,0,2,2,1,0,6,1
446,4,81.8583,0,0,2,1,2,1,0,1,2
448,34,26.55,0,0,0,1,2,1,0,7,1
449,5,19.2583,1,2,1,3,0,1,0,1,1
450,52,30.5,0,0,0,1,2,1,0,11,1
451,36,27.75,0,1,2,2,2,0,0,8,1
456,29,7.8958,0,0,0,3,0,1,0,6,1
457,65,26.55,0,0,0,1,2,0,0,13,1
458,28,51.8625,1,1,0,1,2,1,0,6,2
459,50,10.5,1,0,0,2,2,1,0,10,1
460,28,7.75,0,0,0,3,1,0,0,6,1
461,48,26.55,0,0,0,1,2,1,0,10,1
463,47,38.5,0,0,0,1,2,0,0,10,1
464,48,13,0,0,0,2,2,0,0,10,1
465,28,8.05,0,0,0,3,2,0,0,6,1
466,38,7.05,0,0,0,3,2,0,0,8,1
467,28,0,0,0,0,2,2,0,0,6,NA
468,56,26.55,0,0,0,1,2,0,0,12,1
469,28,7.725,0,0,0,3,1,0,0,6,1
470,0.75,19.2583,1,2,1,3,0,1,0,1,1
471,28,7.25,0,0,0,3,2,0,0,6,1
472,38,8.6625,0,0,0,3,2,0,0,8,1
473,33,27.75,1,1,2,2,2,1,0,7,1
475,22,9.8375,1,0,0,3,2,0,0,5,1
477,34,21,0,1,0,2,2,0,0,7,1
478,29,7.0458,0,1,0,3,2,0,0,6,1
480,2,12.2875,1,0,1,3,2,1,0,1,1
481,9,46.9,0,5,2,3,2,0,0,2,1
482,28,0,0,0,0,2,2,0,0,6,NA
483,50,8.05,0,0,0,3,2,0,0,10,1
484,63,9.5875,1,0,0,3,2,1,0,13,1
485,25,91.0792,0,1,0,1,0,1,0,5,2
486,28,25.4667,1,3,1,3,2,0,0,6,1
490,9,15.9,0,1,1,3,2,1,0,2,1
491,28,19.9667,0,1,0,3,2,0,0,6,1
494,71,49.5042,0,0,0,1,0,0,0,15,1
495,21,8.05,0,0,0,3,2,0,0,5,1
496,28,14.4583,0,0,0,3,0,0,0,6,1
497,54,78.2667,1,1,0,1,0,1,0,11,2
498,28,15.1,0,0,0,3,2,0,0,6,1
499,25,151.55,1,1,2,1,2,0,0,5,4
500,24,7.7958,0,0,0,3,2,0,0,5,1
501,17,8.6625,0,0,0,3,2,0,0,4,1
504,37,9.5875,1,0,0,3,2,0,0,8,1
505,16,86.5,1,0,0,1,2,1,0,4,2
509,28,22.525,0,0,0,3,2,0,0,6,1
511,29,7.75,0,0,0,3,1,1,0,6,1
514,54,59.4,1,1,0,1,0,1,0,11,2
515,24,7.4958,0,0,0,3,2,0,0,5,1
517,34,10.5,1,0,0,2,2,1,0,7,1
518,28,24.15,0,0,0,3,1,0,0,6,1
519,36,26,1,1,0,2,2,1,0,8,1
520,32,7.8958,0,0,0,3,2,0,0,7,1
522,22,7.8958,0,0,0,3,2,0,0,5,1
523,28,7.225,0,0,0,3,0,0,0,6,1
525,28,7.2292,0,0,0,3,0,0,0,6,1
527,50,10.5,1,0,0,2,2,1,0,10,1
528,28,221.7792,0,0,0,1,2,0,0,6,5
529,39,7.925,0,0,0,3,2,0,0,8,1
530,23,11.5,0,2,1,2,2,0,0,5,1
531,2,26,1,1,1,2,2,1,0,1,1
532,28,7.2292,0,0,0,3,0,0,0,6,1
533,17,7.2292,0,1,1,3,0,0,0,4,1
535,30,8.6625,1,0,0,3,2,0,0,6,1
537,45,26.55,0,0,0,1,2,0,0,9,1
538,30,106.425,1,0,0,1,0,1,0,6,3
540,22,49.5,1,0,2,1,0,1,0,5,1
541,36,71,1,0,2,1,2,1,0,8,2
542,9,31.275,1,4,2,3,2,0,0,2,1
544,32,26,0,1,0,2,2,1,0,7,1
546,64,26,0,0,0,1,2,0,0,13,1
551,17,110.8833,0,0,2,1,0,1,0,4,3
552,27,26,0,0,0,2,2,0,0,6,1
554,22,7.225,0,0,0,3,0,1,0,5,1
557,48,39.6,1,1,0,1,0,1,0,10,1
558,28,227.525,0,0,0,1,0,0,0,6,5
559,39,79.65,1,1,1,1,2,1,0,8,2
561,28,7.75,0,0,0,3,1,0,0,6,1
563,28,13.5,0,0,0,2,2,0,0,6,1
565,28,8.05,1,0,0,3,2,0,0,6,1
568,29,21.075,1,0,4,3,2,0,0,6,1
569,28,7.2292,0,0,0,3,0,0,0,6,1
570,32,7.8542,0,0,0,3,2,1,0,7,1
571,62,10.5,0,0,0,2,2,1,0,13,1
573,36,26.3875,0,0,0,1,2,1,0,8,1
574,28,7.75,1,0,0,3,1,1,0,6,1
575,16,8.05,0,0,0,3,2,0,0,4,1
576,19,14.5,0,0,0,3,2,0,0,4,1
577,34,13,1,0,0,2,2,1,0,7,1
578,39,55.9,1,1,0,1,2,1,0,8,2
579,28,14.4583,1,1,0,3,0,0,0,6,1
582,39,110.8833,1,1,1,1,0,1,0,8,3
583,54,26,0,0,0,2,2,0,0,11,1
584,36,40.125,0,0,0,1,0,0,0,8,1
585,28,8.7125,0,0,0,3,0,0,0,6,1
586,18,79.65,1,0,2,1,2,1,0,4,2
587,47,15,0,0,0,2,2,0,0,10,1
590,28,8.05,0,0,0,3,2,0,0,6,1
593,47,7.25,0,0,0,3,2,0,0,10,1
594,28,7.75,1,0,2,3,1,0,0,6,1
595,37,26,0,1,0,2,2,0,0,8,1
596,36,24.15,0,1,1,3,2,0,0,8,1
597,28,33,1,0,0,2,2,1,0,6,1
598,49,0,0,0,0,3,2,0,0,10,NA
599,28,7.225,0,0,0,3,0,0,0,6,1
600,49,56.9292,0,1,0,1,0,1,0,10,2
601,24,27,1,2,1,2,2,1,0,5,1
602,28,7.8958,0,0,0,3,2,0,0,6,1
603,28,42.4,0,0,0,1,2,0,0,6,1
604,44,8.05,0,0,0,3,2,0,0,9,1
605,35,26.55,0,0,0,1,0,1,0,7,1
606,36,15.55,0,1,0,3,2,0,0,8,1
608,27,30.5,0,0,0,1,2,1,0,6,1
609,22,41.5792,1,1,2,2,0,1,0,5,1
610,40,153.4625,1,0,0,1,2,1,0,8,4
611,39,31.275,1,1,5,3,2,0,0,8,1
613,28,15.5,1,1,0,3,1,1,0,6,1
614,28,7.75,0,0,0,3,1,0,0,6,1
616,24,65,1,1,2,2,2,1,0,5,2
617,34,14.4,0,1,1,3,2,0,0,7,1
618,26,16.1,1,1,0,3,2,0,0,6,1
620,26,10.5,0,0,0,2,2,0,0,6,1
622,42,52.5542,0,1,0,1,2,1,0,9,2
623,20,15.7417,0,1,1,3,0,1,0,4,1
625,21,16.1,0,0,0,3,2,0,0,5,1
627,57,12.35,0,0,0,2,1,0,0,12,1
629,26,7.8958,0,0,0,3,2,0,0,6,1
630,28,7.7333,0,0,0,3,1,0,0,6,1
632,51,7.0542,0,0,0,3,2,0,0,11,1
633,32,30.5,0,0,0,1,0,1,0,7,1
634,28,0,0,0,0,1,2,0,0,6,NA
637,32,7.925,0,0,0,3,2,0,0,7,1
639,41,39.6875,1,0,5,3,2,0,0,9,1
640,28,16.1,0,1,0,3,2,0,0,6,1
641,20,7.8542,0,0,0,3,2,0,0,4,1
642,24,69.3,1,0,0,1,0,1,0,5,2
643,2,27.9,1,3,2,3,2,0,0,1,1
645,0.75,19.2583,1,2,1,3,0,1,0,1,1
646,48,76.7292,0,1,0,1,0,1,0,10,2
647,19,7.8958,0,0,0,3,2,0,0,4,1
649,28,7.55,0,0,0,3,2,0,0,6,1
651,28,7.8958,0,0,0,3,2,0,0,6,1
652,18,23,1,0,1,2,2,1,0,4,1
654,28,7.8292,1,0,0,3,1,1,0,6,1
655,18,6.75,1,0,0,3,1,0,0,4,1
656,24,73.5,0,2,0,2,2,0,0,5,2
658,32,15.5,1,1,1,3,1,0,0,7,1
659,23,13,0,0,0,2,2,0,0,5,1
661,50,133.65,0,2,0,1,2,1,0,10,3
664,36,7.4958,0,0,0,3,2,0,0,8,1
665,20,7.925,0,1,0,3,2,1,0,4,1
666,32,73.5,0,2,0,2,2,0,0,7,2
668,28,7.775,0,0,0,3,2,0,0,6,1
669,43,8.05,0,0,0,3,2,0,0,9,1
671,40,39,1,1,1,2,2,1,0,8,1
673,70,10.5,0,0,0,2,2,0,0,14,1
674,31,13,0,0,0,2,2,1,0,7,1
677,24.5,8.05,0,0,0,3,2,0,0,5,1
679,43,46.9,1,1,6,3,2,0,0,9,1
681,28,8.1375,1,0,0,3,1,0,0,6,1
682,27,76.7292,0,0,0,1,0,1,0,6,2
683,20,9.225,0,0,0,3,2,0,0,4,1
684,14,46.9,0,5,2,3,2,0,0,3,1
686,25,41.5792,0,1,2,2,0,0,0,5,1
688,19,10.1708,0,0,0,3,2,0,0,4,1
689,18,7.7958,0,0,0,3,2,0,0,4,1
690,15,211.3375,1,0,1,1,2,1,0,3,5
692,4,13.4167,1,0,1,3,0,1,0,1,1
693,28,56.4958,0,0,0,3,2,1,0,6,2
694,25,7.225,0,0,0,3,0,0,0,5,1
695,60,26.55,0,0,0,1,2,0,0,12,1
696,52,13.5,0,0,0,2,2,0,0,11,1
697,44,8.05,0,0,0,3,2,0,0,9,1
698,28,7.7333,1,0,0,3,1,1,0,6,1
699,49,110.8833,0,1,1,1,0,0,0,10,3
701,18,227.525,1,1,0,1,0,1,0,4,5
702,35,26.2875,0,0,0,1,2,1,0,7,1
704,25,7.7417,0,0,0,3,1,0,0,5,1
705,26,7.8542,0,1,0,3,2,0,0,6,1
706,39,26,0,0,0,2,2,0,0,8,1
707,45,13.5,1,0,0,2,2,1,0,9,1
708,42,26.2875,0,0,0,1,2,1,0,9,1
709,22,151.55,1,0,0,1,2,1,0,5,4
710,28,15.2458,0,1,1,3,0,1,0,6,1
714,29,9.4833,0,0,0,3,2,0,0,6,1
715,52,13,0,0,0,2,2,0,0,11,1
716,19,7.65,0,0,0,3,2,0,0,4,1
717,38,227.525,1,0,0,1,0,1,0,8,5
718,27,10.5,1,0,0,2,2,1,0,6,1
720,33,7.775,0,0,0,3,2,0,0,7,1
722,17,7.0542,0,1,0,3,2,0,0,4,1
724,50,13,0,0,0,2,2,0,0,10,1
725,27,53.1,0,1,0,1,2,1,0,6,2
727,30,21,1,3,0,2,2,1,0,6,1
728,28,7.7375,1,0,0,3,1,1,0,6,1
729,25,26,0,1,0,2,2,0,0,5,1
732,11,18.7875,0,0,0,3,0,0,0,3,1
733,28,0,0,0,0,2,2,0,0,6,NA
734,23,13,0,0,0,2,2,0,0,5,1
735,23,13,0,0,0,2,2,0,0,5,1
737,48,34.375,1,1,3,3,2,0,0,10,1
741,28,30,0,0,0,1,2,1,0,6,1
742,36,78.85,0,1,0,1,2,0,0,8,2
743,21,262.375,1,2,2,1,0,1,0,5,6
744,24,16.1,0,1,0,3,2,0,0,5,1
745,31,7.925,0,0,0,3,2,1,0,7,1
746,70,71,0,1,1,1,2,0,0,14,2
747,16,20.25,0,1,1,3,2,0,0,4,1
748,30,13,1,0,0,2,2,1,0,6,1
749,19,53.1,0,1,0,1,2,0,0,4,2
750,31,7.75,0,0,0,3,1,0,0,7,1
751,4,23,1,1,1,2,2,1,0,1,1
753,33,9.5,0,0,0,3,2,0,0,7,1
755,48,65,1,1,2,2,2,1,0,10,2
757,28,7.7958,0,0,0,3,2,0,0,6,1
759,34,8.05,0,0,0,3,2,0,0,7,1
760,33,86.5,1,0,0,1,2,1,0,7,2
761,28,14.5,0,0,0,3,2,0,0,6,1
762,41,7.125,0,0,0,3,2,0,0,9,1
763,20,7.2292,0,0,0,3,0,1,0,4,1
764,36,120,1,1,2,1,2,1,0,8,3
765,16,7.775,0,0,0,3,2,0,0,4,1
766,51,77.9583,1,1,0,1,2,1,0,11,2
768,30.5,7.75,1,0,0,3,1,0,0,7,1
770,32,8.3625,0,0,0,3,2,0,0,7,1
774,28,7.225,0,0,0,3,0,0,0,6,1
775,54,23,1,1,3,2,2,1,0,11,1
776,18,7.75,0,0,0,3,2,0,0,4,1
777,28,7.75,0,0,0,3,1,0,0,6,1
778,5,12.475,1,0,0,3,2,1,0,1,1
779,28,7.7375,0,0,0,3,1,0,0,6,1
780,43,211.3375,1,0,1,1,2,1,0,9,5
782,17,57,1,1,0,1,2,1,0,4,2
783,29,30,0,0,0,1,2,0,0,6,1
784,28,23.45,0,1,2,3,2,0,0,6,1
785,25,7.05,0,0,0,3,2,0,0,5,1
786,25,7.25,0,0,0,3,2,0,0,5,1
788,8,29.125,0,4,1,3,1,0,0,2,1
790,46,79.2,0,0,0,1,0,0,0,10,2
792,16,26,0,0,0,2,2,0,0,4,1
793,28,69.55,1,8,2,3,2,0,0,6,2
794,28,30.6958,0,0,0,1,0,0,0,6,1
796,39,13,0,0,0,2,2,0,0,8,1
797,49,25.9292,1,0,0,1,2,1,0,10,1
799,30,7.2292,0,0,0,3,0,0,0,6,1
801,34,13,0,0,0,2,2,0,0,7,1
803,11,120,0,1,2,1,2,1,0,3,3
804,0.42,8.5167,0,0,1,3,0,1,0,1,1
805,27,6.975,0,0,0,3,2,1,0,6,1
806,31,7.775,0,0,0,3,2,0,0,7,1
807,39,0,0,0,0,1,2,0,0,8,NA
808,18,7.775,1,0,0,3,2,0,0,4,1
809,39,13,0,0,0,2,2,0,0,8,1
810,33,53.1,1,1,0,1,2,1,0,7,2
811,26,7.8875,0,0,0,3,2,0,0,6,1
812,39,24.15,0,0,0,3,2,0,0,8,1
814,6,31.275,1,4,2,3,2,0,0,2,1
815,30.5,8.05,0,0,0,3,2,0,0,7,1
816,28,0,0,0,0,1,2,0,0,6,NA
817,23,7.925,1,0,0,3,2,0,0,5,1
819,43,6.45,0,0,0,3,2,0,0,9,1
820,10,27.9,0,3,2,3,2,0,0,2,1
821,52,93.5,1,1,1,1,2,1,0,11,2
822,27,8.6625,0,0,0,3,2,1,0,6,1
823,38,0,0,0,0,1,2,0,0,8,NA
824,27,12.475,1,0,1,3,2,1,0,6,1
825,2,39.6875,0,4,1,3,2,0,0,1,1
827,28,56.4958,0,0,0,3,2,0,0,6,2
828,1,37.0042,0,0,2,2,0,1,0,1,1
829,28,7.75,0,0,0,3,1,1,0,6,1
830,62,80,1,0,0,1,NA,1,0,13,2
831,15,14.4542,1,1,0,3,0,1,0,3,1
835,18,8.3,0,0,0,3,2,0,0,4,1
836,39,83.1583,1,1,1,1,0,1,0,8,2
838,28,8.05,0,0,0,3,2,0,0,6,1
839,32,56.4958,0,0,0,3,2,1,0,7,2
840,28,29.7,0,0,0,1,0,1,0,6,1
841,20,7.925,0,0,0,3,2,0,0,4,1
842,16,10.5,0,0,0,2,2,0,0,4,1
843,30,31,1,0,0,1,0,1,0,6,1
844,34.5,6.4375,0,0,0,3,0,0,0,7,1
845,17,8.6625,0,0,0,3,2,0,0,4,1
847,28,69.55,0,8,2,3,2,0,0,6,2
851,4,31.275,0,4,2,3,2,0,0,1,1
854,16,39.4,1,0,1,1,2,1,0,4,1
855,44,26,1,1,0,2,2,0,0,9,1
856,18,9.35,1,0,1,3,2,1,0,4,1
857,45,164.8667,1,1,1,1,2,1,0,9,4
858,51,26.55,0,0,0,1,2,1,0,11,1
861,41,14.1083,0,2,0,3,2,0,0,9,1
862,21,11.5,0,1,0,2,2,0,0,5,1
863,48,25.9292,1,0,0,1,2,1,0,10,1
864,28,69.55,1,8,2,3,2,0,0,6,2
865,24,13,0,0,0,2,2,0,0,5,1
867,27,13.8583,1,1,0,2,0,1,0,6,1
869,28,9.5,0,0,0,3,2,0,0,6,1
870,4,11.1333,0,1,1,3,2,1,0,1,1
874,47,9,0,0,0,3,2,0,0,10,1
876,15,7.225,1,0,0,3,0,1,0,3,1
877,20,9.8458,0,0,0,3,2,0,0,4,1
878,19,7.8958,0,0,0,3,2,0,0,4,1
879,28,7.8958,0,0,0,3,2,0,0,6,1
880,56,83.1583,1,0,1,1,0,1,0,12,2
881,25,26,1,0,1,2,2,1,0,5,1
882,33,7.8958,0,0,0,3,2,0,0,7,1
883,22,10.5167,1,0,0,3,2,0,0,5,1
884,28,10.5,0,0,0,2,2,0,0,6,1
885,25,7.05,0,0,0,3,2,0,0,5,1
887,27,13,0,0,0,2,2,0,0,6,1
888,19,30,1,0,0,1,2,1,0,4,1
889,28,23.45,1,1,2,3,2,0,0,6,1
890,26,30,0,0,0,1,0,1,0,6,1
893,47,7,1,1,0,3,2,0,0,10,1
894,62,9.6875,0,0,0,2,1,0,0,13,1
895,27,8.6625,0,0,0,3,2,0,0,6,1
896,22,12.2875,1,1,1,3,2,0,0,5,1
897,14,9.225,0,0,0,3,2,0,0,3,1
898,30,7.6292,1,0,0,3,1,0,0,6,1
901,21,24.15,0,2,0,3,2,0,0,5,1
902,28,7.8958,0,0,0,3,2,0,0,6,1
904,23,82.2667,1,1,0,1,2,0,0,5,2
906,47,61.175,1,1,0,1,2,0,0,10,2
907,24,27.7208,1,1,0,2,0,0,0,5,1
908,35,12.35,0,0,0,2,1,0,0,7,1
910,27,7.925,1,1,0,3,2,0,0,6,1
911,45,7.225,1,0,0,3,0,0,0,9,1
912,55,59.4,0,1,0,1,0,0,0,11,2
913,9,3.1708,0,0,1,3,2,0,0,2,1
914,28,31.6833,1,0,0,1,2,0,0,6,1
915,21,61.3792,0,0,1,1,0,0,0,5,2
916,48,262.375,1,1,3,1,0,0,0,10,6
917,50,14.5,0,1,0,3,2,0,0,10,1
921,28,21.6792,0,2,0,3,0,0,0,6,1
922,50,26,0,1,0,2,2,0,0,10,1
923,24,31.5,0,2,0,2,2,0,0,5,1
924,33,20.575,1,1,2,3,2,0,0,7,1
925,28,23.45,1,1,2,3,2,0,0,6,1
926,30,57.75,0,1,0,1,0,0,0,6,2
928,28,8.05,1,0,0,3,2,0,0,6,1
929,21,8.6625,1,0,0,3,2,0,0,5,1
930,25,9.5,0,0,0,3,2,0,0,5,1
931,28,56.4958,0,0,0,3,2,0,0,6,2
933,28,26.55,0,0,0,1,2,0,0,6,1
934,41,7.85,0,0,0,3,2,0,0,9,1
935,30,13,1,0,0,2,2,0,0,6,1
936,45,52.5542,1,1,0,1,2,0,0,9,2
937,25,7.925,0,0,0,3,2,0,0,5,1
938,45,29.7,0,0,0,1,0,0,0,9,1
939,28,7.75,0,0,0,3,1,0,0,6,1
940,60,76.2917,1,0,0,1,0,0,0,12,2
942,24,60,0,1,0,1,2,0,0,5,2
945,28,263,1,3,2,1,2,0,0,6,6
946,28,15.5792,0,0,0,2,0,0,0,6,1
947,10,29.125,0,4,1,3,1,0,0,2,1
948,35,7.8958,0,0,0,3,2,0,0,7,1
949,25,7.65,0,0,0,3,2,0,0,5,1
950,28,16.1,0,1,0,3,2,0,0,6,1
953,32,13.5,0,0,0,2,2,0,0,7,1
956,13,262.375,0,2,2,1,0,0,0,3,6
958,18,7.8792,1,0,0,3,1,0,0,4,1
959,47,42.4,0,0,0,1,2,0,0,10,1
960,31,28.5375,0,0,0,1,0,0,0,7,1
961,60,263,1,1,4,1,2,0,0,12,6
962,24,7.75,1,0,0,3,1,0,0,5,1
965,28.5,27.7208,0,0,0,1,0,0,0,6,1
966,35,211.5,1,0,0,1,0,0,0,7,5
967,32.5,211.5,0,0,0,1,0,0,0,7,5
968,28,8.05,0,0,0,3,2,0,0,6,1
969,55,25.7,1,2,0,1,2,0,0,11,1
970,30,13,0,0,0,2,2,0,0,6,1
973,67,221.7792,0,1,0,1,2,0,0,14,5
975,28,7.8958,0,0,0,3,2,0,0,6,1
976,28,10.7083,0,0,0,2,1,0,0,6,1
978,27,7.8792,1,0,0,3,1,0,0,6,1
980,28,7.75,1,0,0,3,1,0,0,6,1
983,28,7.775,0,0,0,3,2,0,0,6,1
984,27,52,1,1,2,1,2,0,0,6,2
986,25,26,0,0,0,1,0,0,0,5,1
987,25,7.7958,0,0,0,3,2,0,0,5,1
989,29,7.925,0,0,0,3,2,0,0,6,1
990,20,7.8542,1,0,0,3,2,0,0,4,1
991,33,8.05,0,0,0,3,2,0,0,7,1
992,43,55.4417,1,1,0,1,0,0,0,9,2
994,28,7.75,0,0,0,3,1,0,0,6,1
995,26,7.775,0,0,0,3,2,0,0,6,1
996,16,8.5167,1,1,1,3,0,0,0,4,1
998,21,7.8208,0,0,0,3,1,0,0,5,1
1000,28,8.7125,0,0,0,3,2,0,0,6,1
1002,41,15.0458,0,0,0,2,0,0,0,9,1
1003,28,7.7792,1,0,0,3,1,0,0,6,1
1004,36,31.6792,1,0,0,1,0,0,0,8,1
1006,63,221.7792,1,1,0,1,2,0,0,13,5
1007,18,14.4542,0,1,0,3,0,0,0,4,1
1008,28,6.4375,0,0,0,3,0,0,0,6,1
1011,29,26,1,1,0,2,2,0,0,6,1
1013,28,7.75,0,1,0,3,1,0,0,6,1
1014,35,57.75,1,1,0,1,0,0,0,7,2
1015,28,7.25,0,0,0,3,2,0,0,6,1
1016,28,7.75,0,0,0,3,1,0,0,6,1
1017,17,16.1,1,0,1,3,2,0,0,4,1
1018,22,7.7958,0,0,0,3,2,0,0,5,1
1019,28,23.25,1,2,0,3,1,0,0,6,1
1021,24,8.05,0,0,0,3,2,0,0,5,1
1022,32,8.05,0,0,0,3,2,0,0,7,1
1023,53,28.5,0,0,0,1,0,0,0,11,1
1025,28,6.4375,0,1,0,3,0,0,0,6,1
1026,43,7.8958,0,0,0,3,2,0,0,9,1
1028,26.5,7.225,0,0,0,3,0,0,0,6,1
1029,26,13,0,0,0,2,2,0,0,6,1
1030,23,8.05,1,0,0,3,2,0,0,5,1
1031,40,46.9,0,1,6,3,2,0,0,8,1
1033,33,151.55,1,0,0,1,2,0,0,7,4
1035,28,26,0,0,0,2,2,0,0,6,1
1036,42,26.55,0,0,0,1,2,0,0,9,1
1037,31,18,0,3,0,3,2,0,0,7,1
1038,28,51.8625,0,0,0,1,2,0,0,6,2
1040,28,26.55,0,0,0,1,2,0,0,6,1
1042,23,83.1583,1,0,1,1,0,0,0,5,2
1043,28,7.8958,0,0,0,3,0,0,0,6,1
1046,13,31.3875,0,4,2,3,2,0,0,3,1
1047,24,7.55,0,0,0,3,2,0,0,5,1
1048,29,221.7792,1,0,0,1,2,0,0,6,5
1049,23,7.8542,1,0,0,3,2,0,0,5,1
1051,26,13.775,1,0,2,3,2,0,0,6,1
1053,7,15.2458,0,1,1,3,0,0,0,2,1
1054,26,13.5,1,0,0,2,2,0,0,6,1
1055,28,7,0,0,0,3,2,0,0,6,1
1056,41,13,0,0,0,2,2,0,0,9,1
1057,26,22.025,1,1,1,3,2,0,0,6,1
1059,18,34.375,0,2,2,3,2,0,0,4,1
1061,22,8.9625,1,0,0,3,2,0,0,5,1
1062,28,7.55,0,0,0,3,2,0,0,6,1
1064,23,13.9,0,1,0,3,2,0,0,5,1
1065,28,7.2292,0,0,0,3,0,0,0,6,1
1068,20,36.75,1,0,0,2,2,0,0,4,1
1069,54,55.4417,0,1,0,1,0,0,0,11,2
1070,36,39,1,0,3,2,2,0,0,8,1
1071,64,83.1583,1,0,2,1,0,0,0,13,2
1072,30,13,0,0,0,2,2,0,0,6,1
1073,37,83.1583,0,1,1,1,0,0,0,8,2
1074,18,53.1,1,1,0,1,2,0,0,4,2
1075,28,7.75,0,0,0,3,1,0,0,6,1
1076,27,247.5208,1,1,1,1,0,0,0,6,5
1077,40,16,0,0,0,2,2,0,0,8,1
1078,21,21,1,0,1,2,2,0,0,5,1
1079,17,8.05,0,2,0,3,2,0,0,4,1
1080,28,69.55,1,8,2,3,2,0,0,6,2
1081,40,13,0,0,0,2,2,0,0,8,1
1084,11.5,14.5,0,1,1,3,2,0,0,3,1
1085,61,12.35,0,0,0,2,1,0,0,13,1
1086,8,32.5,0,0,2,2,2,0,0,2,1
1087,33,7.8542,0,0,0,3,2,0,0,7,1
1088,6,134.5,0,0,2,1,0,0,0,2,3
1089,18,7.775,1,0,0,3,2,0,0,4,1
1090,23,10.5,0,0,0,2,2,0,0,5,1
1091,28,8.1125,1,0,0,3,2,0,0,6,1
1092,28,15.5,1,0,0,3,1,0,0,6,1
1093,0.33,14.4,0,0,2,3,2,0,0,1,1
1094,47,227.525,0,1,0,1,0,0,0,10,5
1095,8,26,1,1,1,2,2,0,0,2,1
1096,25,10.5,0,0,0,2,2,0,0,5,1
1100,33,27.7208,1,0,0,1,0,0,0,7,1
1101,25,7.8958,0,0,0,3,2,0,0,5,1
1102,32,22.525,0,0,0,3,2,0,0,7,1
1103,28,7.05,0,0,0,3,2,0,0,6,1
1104,17,73.5,0,0,0,2,2,0,0,4,2
1105,60,26,1,1,0,2,2,0,0,12,1
1106,38,7.775,1,4,2,3,2,0,0,8,1
1107,42,42.5,0,0,0,1,2,0,0,9,1
1108,28,7.8792,1,0,0,3,1,0,0,6,1
1109,57,164.8667,0,1,1,1,2,0,0,12,4
1110,50,211.5,1,1,1,1,0,0,0,10,5
1112,30,13.8583,1,1,0,2,0,0,0,6,1
1113,21,8.05,0,0,0,3,2,0,0,5,1
1115,21,7.7958,0,0,0,3,2,0,0,5,1
1118,23,7.7958,0,0,0,3,2,0,0,5,1
1120,40.5,15.1,0,0,0,3,2,0,0,9,1
1121,36,13,0,0,0,2,2,0,0,8,1
1123,21,26.55,1,0,0,1,2,0,0,5,1
1125,28,7.8792,0,0,0,3,1,0,0,6,1
1126,39,71.2833,0,1,0,1,0,0,0,8,2
1127,20,7.8542,0,0,0,3,2,0,0,4,1
1128,64,75.25,0,1,0,1,0,0,0,13,2
1130,18,13,1,1,1,2,2,0,0,4,1
1133,45,30,1,0,2,2,2,0,0,9,1
1134,45,134.5,0,1,1,1,0,0,0,9,3
1135,28,7.8875,0,0,0,3,2,0,0,6,1
1136,28,23.45,0,1,2,3,2,0,0,6,1
1138,22,21,1,0,0,2,2,0,0,5,1
1139,42,32.5,0,1,1,2,2,0,0,9,1
1141,28,14.4542,1,1,0,3,0,0,0,6,1
1142,0.92,27.75,1,1,2,2,2,0,0,1,1
1143,20,7.925,0,0,0,3,2,0,0,4,1
1145,24,9.325,0,0,0,3,2,0,0,5,1
1146,32.5,9.5,0,0,0,3,2,0,0,7,1
1147,28,7.55,0,0,0,3,2,0,0,6,1
1148,28,7.75,0,0,0,3,1,0,0,6,1
1149,28,8.05,0,0,0,3,2,0,0,6,1
1150,19,13,1,0,0,2,2,0,0,4,1
1151,21,7.775,0,0,0,3,2,0,0,5,1
1152,36.5,17.4,0,1,0,3,2,0,0,8,1
1153,21,7.8542,0,0,0,3,2,0,0,5,1
1154,29,23,1,0,2,2,2,0,0,6,1
1155,1,12.1833,1,1,1,3,2,0,0,1,1
1156,30,12.7375,0,0,0,2,0,0,0,6,1
1157,28,7.8958,0,0,0,3,2,0,0,6,1
1158,28,0,0,0,0,1,2,0,0,6,NA
1159,28,7.55,0,0,0,3,2,0,0,6,1
1160,28,8.05,1,0,0,3,2,0,0,6,1
1161,17,8.6625,0,0,0,3,2,0,0,4,1
1163,28,7.75,0,0,0,3,1,0,0,6,1
1164,26,136.7792,1,1,0,1,0,0,0,6,3
1165,28,15.5,1,1,0,3,1,0,0,6,1
1167,20,26,1,1,0,2,2,0,0,4,1
1168,28,10.5,0,0,0,2,2,0,0,6,1
1170,30,21,0,1,0,2,2,0,0,6,1
1171,22,10.5,0,0,0,2,2,0,0,5,1
1172,23,8.6625,1,0,0,3,2,0,0,5,1
1173,0.75,13.775,0,1,1,3,2,0,0,1,1
1174,28,7.75,1,0,0,3,1,0,0,6,1
1177,36,7.25,0,0,0,3,2,0,0,8,1
1178,28,7.25,0,0,0,3,2,0,0,6,1
1179,24,82.2667,0,1,0,1,2,0,0,5,2
1180,28,7.2292,0,0,0,3,0,0,0,6,1
1181,28,8.05,0,0,0,3,2,0,0,6,1
1182,28,39.6,0,0,0,1,2,0,0,6,1
1185,53,81.8583,0,1,1,1,2,0,0,11,2
1186,36,9.5,0,0,0,3,2,0,0,8,1
1188,1,41.5792,1,1,2,2,0,0,0,1,1
1189,28,21.6792,0,2,0,3,0,0,0,6,1
1190,30,45.5,0,0,0,1,2,0,0,6,1
1191,29,7.8542,0,0,0,3,2,0,0,6,1
1192,32,7.775,0,0,0,3,2,0,0,7,1
1193,28,15.0458,0,0,0,2,0,0,0,6,1
1194,43,21,0,0,1,2,2,0,0,9,1
1196,28,7.75,1,0,0,3,1,0,0,6,1
1197,64,26.55,1,1,1,1,2,0,0,13,1
1198,30,151.55,0,1,2,1,2,0,0,6,4
1199,0.83,9.35,0,0,1,3,2,0,0,1,1
1200,55,93.5,0,1,1,1,2,0,0,11,2
1201,45,14.1083,1,1,0,3,2,0,0,9,1
1202,18,8.6625,0,0,0,3,2,0,0,4,1
1204,28,7.575,0,0,0,3,2,0,0,6,1
1205,37,7.75,1,0,0,3,1,0,0,8,1
1209,19,10.5,0,0,0,2,2,0,0,4,1
1211,22,31.5,0,2,0,2,2,0,0,5,1
1212,26,7.775,0,0,0,3,2,0,0,6,1
1214,26,13,0,0,0,2,2,0,0,6,1
1217,23,7.05,0,0,0,3,2,0,0,5,1
1220,29,26,0,1,0,2,2,0,0,6,1
1221,21,13,0,0,0,2,2,0,0,5,1
1223,39,29.7,0,0,0,1,0,0,0,8,1
1224,28,7.225,0,0,0,3,0,0,0,6,1
1225,19,15.7417,1,1,1,3,0,0,0,4,1
1226,27,7.8958,0,0,0,3,2,0,0,6,1
1227,30,26,0,0,0,1,2,0,0,6,1
1228,32,13,0,0,0,2,2,0,0,7,1
1229,39,7.2292,0,0,2,3,0,0,0,8,1
1231,28,7.2292,0,0,0,3,0,0,0,6,1
1232,18,10.5,0,0,0,2,2,0,0,4,1
1235,58,512.3292,1,0,1,1,0,0,0,12,11
1237,16,7.65,1,0,0,3,2,0,0,4,1
1238,26,13,0,0,0,2,2,0,0,6,1
1239,38,7.2292,1,0,0,3,0,0,0,8,1
1240,24,13.5,0,0,0,2,2,0,0,5,1
1242,45,63.3583,1,0,1,1,0,0,0,9,2
1243,25,10.5,0,0,0,2,2,0,0,5,1
1244,18,73.5,0,0,0,2,2,0,0,4,2
1245,49,65,0,1,2,2,2,0,0,10,2
1246,0.17,20.575,1,1,2,3,2,0,0,1,1
1247,50,26,0,0,0,1,2,0,0,10,1
1248,59,51.4792,1,2,0,1,2,0,0,12,2
1252,14.5,69.55,0,8,2,3,2,0,0,3,2
1253,24,37.0042,1,1,1,2,0,0,0,5,1
1255,27,8.6625,0,0,0,3,2,0,0,6,1
1256,25,55.4417,1,1,0,1,0,0,0,5,2
1258,28,14.4583,0,1,0,3,0,0,0,6,1
1259,22,39.6875,1,0,0,3,2,0,0,5,1
1262,21,11.5,0,1,0,2,2,0,0,5,1
1265,44,13,0,0,0,2,2,0,0,9,1
1266,54,81.8583,1,1,1,1,2,0,0,11,2
1267,45,262.375,1,0,0,1,0,0,0,9,6
1268,22,8.6625,1,2,0,3,2,0,0,5,1
1269,21,11.5,0,0,0,2,2,0,0,5,1
1270,55,50,0,0,0,1,2,0,0,11,1
1271,5,31.3875,0,4,2,3,2,0,0,1,1
1272,28,7.75,0,0,0,3,1,0,0,6,1
1273,26,7.8792,0,0,0,3,1,0,0,6,1
1274,28,14.5,1,0,0,3,2,0,0,6,1
1275,19,16.1,1,1,0,3,2,0,0,4,1
1276,28,12.875,0,0,0,2,2,0,0,6,1
1277,24,65,1,1,2,2,2,0,0,5,2
1281,6,21.075,0,3,1,3,2,0,0,2,1
1282,23,93.5,0,0,0,1,2,0,0,5,2
1283,51,39.4,1,0,1,1,2,0,0,11,1
1284,13,20.25,0,0,2,3,2,0,0,3,1
1285,47,10.5,0,0,0,2,2,0,0,10,1
1286,29,22.025,0,3,1,3,2,0,0,6,1
1287,18,60,1,1,0,1,2,0,0,4,2
1288,24,7.25,0,0,0,3,1,0,0,5,1
1289,48,79.2,1,1,1,1,0,0,0,10,2
1290,22,7.775,0,0,0,3,2,0,0,5,1
1291,31,7.7333,0,0,0,3,1,0,0,7,1
1292,30,164.8667,1,0,0,1,2,0,0,6,4
1293,38,21,0,1,0,2,2,0,0,8,1
1295,17,47.1,0,0,0,1,2,0,0,4,1
1297,20,13.8625,0,0,0,2,0,0,0,4,1
1298,23,10.5,0,1,0,2,2,0,0,5,1
1299,50,211.5,0,1,1,1,0,0,0,10,5
1300,28,7.7208,1,0,0,3,1,0,0,6,1
1301,3,13.775,1,1,1,3,2,0,0,1,1
1303,37,90,1,1,0,1,1,0,0,8,2
1304,28,7.775,1,0,0,3,2,0,0,6,1
1305,28,8.05,0,0,0,3,2,0,0,6,1
1307,38.5,7.25,0,0,0,3,2,0,0,8,1
1308,28,8.05,0,0,0,3,2,0,0,6,1
1309,28,22.3583,0,1,1,3,0,0,0,6,1
